number,white_ball_times_drawn,white_ball_pct,mega_ball_times_drawn,mega_ball_pct
1,64,6.86,41,4.39
2,64,6.86,35,3.75
3,79,8.47,36,3.86
4,68,7.29,41,4.39
5,59,6.32,27,2.89
6,66,7.07,34,3.64
7,63,6.75,36,3.86
8,74,7.93,30,3.22
9,58,6.22,41,4.39
10,87,9.32,36,3.86
11,74,7.93,43,4.61
12,60,6.43,41,4.39
13,66,7.07,38,4.07
14,77,8.25,35,3.75
15,70,7.5,28,3.0
16,67,7.18,39,4.18
17,84,9.0,39,4.18
18,73,7.82,44,4.72
19,70,7.5,39,4.18
20,73,7.82,33,3.54
21,62,6.65,32,3.43
22,74,7.93,49,5.25
23,55,5.89,31,3.32
24,72,7.72,49,5.25
25,65,6.97,36,3.86
26,72,7.72,,
27,68,7.29,,
28,61,6.54,,
29,69,7.4,,
30,72,7.72,,
31,80,8.57,,
32,61,6.54,,
33,69,7.4,,
34,65,6.97,,
35,56,6.0,,
36,57,6.11,,
37,65,6.97,,
38,77,8.25,,
39,64,6.86,,
40,72,7.72,,
41,59,6.32,,
42,79,8.47,,
43,77,8.25,,
44,66,7.07,,
45,53,5.68,,
46,73,7.82,,
47,59,6.32,,
48,71,7.61,,
49,58,6.22,,
50,56,6.0,,
51,53,5.68,,
52,67,7.18,,
53,64,6.86,,
54,59,6.32,,
55,61,6.54,,
56,68,7.29,,
57,66,7.07,,
58,76,8.15,,
59,71,7.61,,
60,58,6.22,,
61,66,7.07,,
62,69,7.4,,
63,63,6.75,,
64,73,7.82,,
65,53,5.68,,
66,74,7.93,,
67,53,5.68,,
68,62,6.65,,
69,62,6.65,,
70,64,6.86,,
